Bin Ranges,Test,Train
76.00 - 124.20,239,152
124.20 - 172.40,231,21
172.40 - 220.60,248,145
220.60 - 268.80,527,316
268.80 - 317.00,1110,492
317.00 - 365.20,1875,655
365.20 - 413.40,2458,761
413.40 - 461.60,2972,849
461.60 - 509.80,3123,827
509.80 - 558.00,3321,807
558.00 - 606.20,3318,830
606.20 - 654.40,3187,702
654.40 - 702.60,2953,670
702.60 - 750.80,2723,613
750.80 - 799.00,2445,744
799.00 - 847.20,2703,564
847.20 - 895.40,2199,81
895.40 - 943.60,983,0
943.60 - 991.80,251,0
991.80 - 1040.00,30,0
