Percentile,Train Ambiguity Score,Test Ambiguity Score
0,0.0,0.0
1,0.0,0.0
2,0.0,0.0
3,0.0,0.0
4,0.0,0.0
5,0.0,0.0
6,0.0,0.0
7,0.0,0.0
8,0.0,0.0
9,0.0,0.0
10,0.0,0.0
11,0.0,0.0
12,0.0,0.0
13,0.0,0.0
14,0.0,0.0
15,0.0,0.0
16,0.0,0.0
17,0.0,0.0
18,0.0,0.0
19,0.0,0.0
20,0.0,0.0
21,0.0,0.0
22,0.0,0.0
23,0.0,0.0
24,0.00028499999999999457,0.0
25,0.0004849840748878893,0.0
26,0.001999999999999999,0.00045638821541703925
27,0.0025662945039601815,0.000826052520257507
28,0.0029999999999999988,0.0020000000000000035
29,0.0029999999999999988,0.0029999999999999988
30,0.0030000000000000053,0.0029999999999999988
31,0.0038798725991031455,0.0030000000000000053
32,0.0038798725991031455,0.0030000000000000053
33,0.0038798725991031455,0.0038798725991031455
34,0.00460973419849618,0.0038798725991031455
35,0.005167483029423029,0.00516325314901383
36,0.005167483029423029,0.005167483029423029
37,0.0071413695124873935,0.007180521022900872
38,0.008509973172819032,0.008974530546411966
39,0.010124999999999988,0.009787361111111115
40,0.012255083563684549,0.012269234444443292
41,0.013094570021973078,0.015846249999999996
42,0.015625,0.016000000000000028
43,0.016000000000000014,0.016911972573303097
44,0.016911972573303104,0.019746450893249466
45,0.020530356031681435,0.020530356031681445
46,0.020530356031681452,0.023621117846580022
47,0.02204540768504861,0.02572168529110499
48,0.02399999999999999,0.0266437000325913
49,0.026750508874249665,0.029244705304486213
50,0.028810838740601138,0.031038980792825147
51,0.031038980792825164,0.03143710767351219
52,0.031818433448712345,0.03202172114362375
53,0.03210569760764703,0.0379782669001336
54,0.039219135954276195,0.04128765542576214
55,0.04124318125460257,0.045607279030050796
56,0.046162291145022835,0.05018024508980169
57,0.05014202150796021,0.05307561965009864
58,0.05400000000000001,0.054364968774731105
59,0.05722978736636054,0.05916195164243786
60,0.06553271638007586,0.07069111590005961
61,0.0692899516069249,0.07730860699000883
62,0.07654569149427409,0.09208212994000121
63,0.08333333333333333,0.09787085794037147
64,0.09186552277039874,0.10788706536479381
65,0.09991996797437436,0.11931892434087703
66,0.11499789400245555,0.12464546341720194
67,0.12703250373432345,0.1270325037343236
68,0.13693063937629152,0.13937446052930874
69,0.14433756729740643,0.1602190804554942
70,0.15620778237114585,0.1683168966819676
71,0.1717869774604583,0.17013437813876464
72,0.18467643371517506,0.17892593861261505
73,0.19364916731037085,0.20397570829958456
74,0.2103004693419139,0.2245462090528361
75,0.2291647261796397,0.2380584718203911
76,0.2398130870173151,0.2461025393416894
77,0.2489309635656679,0.2508454765886759
78,0.26869502698159464,0.2607932811877848
79,0.2969687727899636,0.2651689352855481
80,0.3274612473643051,0.27856940674104624
81,0.3412848196521491,0.30144839521104216
82,0.35056383275980163,0.3154803256854426
83,0.38292285431912343,0.3312693299999689
84,0.4097999511957024,0.34266804738758094
85,0.42717209646698595,0.38925393610547016
86,0.4330621975432801,0.42896060789424484
87,0.4498331554956303,0.4348694982595503
88,0.47560045965898834,0.45454088047089536
89,0.49728802482934564,0.4917329572145804
90,0.5176083281249512,0.5176083281249512
91,0.5338862008716719,0.5454089638804331
92,0.5574952641957396,0.5582565642227323
93,0.5868727506888309,0.5743768358741903
94,0.6120176001404793,0.5962547931882811
95,0.639131732392254,0.639131732392254
96,0.666761077303394,0.6729235236183512
97,0.6912709244674292,0.7071067811865476
98,0.7423917465458153,0.7076755033917543
99,0.7932251118850183,0.7993383947487612
100,1.0,0.9258200997725514
